member_index,bio,is_active
1,At tree note responsibility defense material those poor central cause seat.,True
2,Enjoy once today human despite young meeting before another body physical society instead as high.,True
3,More wife team activity result race Mr environment political born itself law west then.,True
4,Will seven medical blood personal success medical current hear claim well.,True
5,Truth out major born guy world southern dream drive note bad rule staff within mouth.,True
6,Campaign little near enter their institution deep much role.,True
7,Require human public health tonight later easy ask again network.,True
8,Detail audience piece director town teacher audience draw protect Democrat car very number line six space.,True
9,Behind probably great in tell approach president position art rock.,True
10,Eat couple large instead everything economic type kitchen.,True
11,Better present music address behavior send door image loss ten total clearly able hospital unit.,True
12,Expect recent room situation product main couple design around save article finish anyone live.,True
13,Church whether bag control organization push dog build three east organization people information on mission.,True
14,Daughter respond draw how public feel first sell authority leader your.,True
15,Available defense enter value thing these hard citizen.,True
16,Region particularly would pressure account stage federal professional voice care break blood network evening painting.,True
17,Data plant enough major town suffer begin interest everybody about side PM.,True
18,Claim kind relationship night born war real chance along hard need.,True
19,Camera final together someone team together decide economic bill sister this image per.,True
20,Understand door class son computer include conference under site.,True
21,Soon ten specific environment skin blue the teach develop staff least figure somebody.,True
22,Development process huge everything attorney significant go meeting quickly such.,True
23,Voice boy wife condition while enter board its rock finish paper memory.,True
24,Tonight couple and job mind southern rather vote say culture issue we TV.,True
25,Finish summer rest feel finally impact I fast camera inside wait quality total past feeling nature.,True
26,Fight decision size parent focus kid put.,True
27,List top somebody college be middle plan friend stand seem pull different current agency each.,True
28,Particularly shoulder lay though offer responsibility himself hundred challenge reach throughout team those sing.,True
29,Compare when military anyone eat summer lead soon property write.,True
30,Fish sense kind spring throughout interview trade knowledge city technology late seem style everyone sing machine.,True
31,Ever back experience even floor music catch discuss really relationship.,True
32,Increase former letter artist strategy hope show watch.,True
33,Task she herself accept goal send table.,True
34,Mrs same son today major event magazine home protect something right subject try.,True
35,Move trade option production base investment term consider employee force lawyer front they everything week instead.,True
36,Like see appear weight difference attention whatever American.,True
37,Wear current after charge call prove nor.,True
38,Let eight hard paper white responsibility sing clearly find official.,True
39,Office traditional heart walk cup option store drug recent feeling range.,True
40,Someone not American mouth product attention positive actually information.,True
41,Black whether player stock religious itself safe whole establish space Mrs low itself room.,True
42,Focus early various everything late seek now property from management foot.,True
43,Deep something future they red everybody act way beat result major serve real position.,True
44,Large admit family identify during professional hard network gas you nearly goal law fill.,True
45,Building court build movie several continue describe machine right with.,True
46,Others wonder strategy fast guess few remain call animal approach factor want point sell bill.,True
47,Off light key continue anything wait local.,True
48,Husband available picture approach chance none fight yes.,True
49,Newspaper indicate other peace simply herself training father open.,True
50,Figure perform participant science way debate decision produce church community avoid able late.,True
