id,member_id,bio,is_active,created_at,updated_at
31,31,Open discover detail audience piece director town.,True,2026-01-01T02:20:05.801259Z,2026-02-02T16:23:05.801283Z
32,32,Audience draw protect Democrat car very number line six space couple best.,True,2026-01-05T04:18:05.801429Z,2026-01-30T11:28:05.801446Z
33,33,Great in tell approach president position art rock song body court movie cell.,True,2026-01-20T09:09:05.801521Z,2026-02-02T14:19:05.801527Z
34,34,Everything economic type kitchen technology nearly anything yourself structure.,True,2025-12-31T18:14:05.801562Z,2026-02-04T03:50:05.801566Z
35,35,Unit support coach magazine degree husband around her.,True,2026-01-28T10:26:05.801594Z,2026-02-03T15:20:05.801599Z
36,36,Enter six lawyer institution whatever yet new responsibility choice father why often my.,True,2026-01-17T14:34:05.801626Z,2026-02-02T17:26:05.801630Z
37,37,Arm once me system church whether bag control organization push dog build.,True,2026-01-05T16:04:05.801655Z,2026-02-01T14:10:05.801659Z
38,38,East organization people information on mission various daughter respond draw how public feel first sell.,True,2026-01-12T00:21:05.802201Z,2026-01-31T14:32:05.802213Z
39,39,Act perform none beyond Mrs media car give.,True,2026-01-28T05:02:05.802283Z,2026-02-01T20:20:05.802290Z
40,40,These hard citizen street region particularly would pressure.,True,2026-01-03T22:27:05.802322Z,2026-02-04T21:33:05.802326Z
41,41,Property never use billion there enough threat.,True,2026-01-16T12:42:05.802353Z,2026-01-30T15:24:05.802357Z
42,42,Choice example decision garden reach table measure economy traditional anything plant stop analysis four capital.,True,2026-01-26T16:45:05.802381Z,2026-02-01T19:58:05.802385Z
43,43,Claim kind relationship night born war real chance along hard need.,True,2025-12-31T13:55:05.802412Z,2026-02-01T20:24:05.802416Z
44,44,Camera final together someone team together decide economic bill sister this image per.,True,2026-01-23T09:04:05.802460Z,2026-01-31T19:05:05.802464Z
45,45,Understand door class son computer include conference under site.,True,2026-01-10T05:59:05.802490Z,2026-01-30T15:34:05.802494Z
46,46,Soon ten specific environment skin blue the teach develop staff least figure somebody.,True,2026-01-11T18:37:05.802517Z,2026-01-31T02:48:05.802521Z
47,47,Development process huge everything attorney significant go meeting quickly such.,True,2026-02-03T02:47:05.802545Z,2026-01-31T20:24:05.802548Z
48,48,Voice boy wife condition while enter board its rock finish paper memory.,True,2026-01-29T17:13:05.802571Z,2026-01-31T17:19:05.802575Z
49,49,Tonight couple and job mind southern rather vote say culture issue we TV.,True,2026-01-26T17:24:05.802598Z,2026-01-31T03:15:05.802601Z
50,50,Finish summer rest feel finally impact I fast camera inside wait quality total past feeling nature.,True,2026-01-05T22:58:05.802625Z,2026-01-31T08:54:05.802628Z
51,51,Fight decision size parent focus kid put.,True,2026-01-30T20:25:05.802653Z,2026-01-30T13:55:05.802656Z
52,52,List top somebody college be middle plan friend stand seem pull different current agency each.,True,2026-01-15T10:34:05.802678Z,2026-02-01T14:17:05.802681Z
53,53,Particularly shoulder lay though offer responsibility himself hundred challenge reach throughout team those sing.,True,2025-12-28T05:04:05.802705Z,2026-01-30T09:21:05.802708Z
54,54,Compare when military anyone eat summer lead soon property write.,True,2026-01-17T23:32:05.802732Z,2026-02-04T18:13:05.802735Z
55,55,Fish sense kind spring throughout interview trade knowledge city technology late seem style everyone sing machine.,True,2025-12-26T08:24:05.802758Z,2026-02-04T17:09:05.802762Z
56,56,Ever back experience even floor music catch discuss really relationship.,True,2026-01-17T07:17:05.802786Z,2026-02-03T06:01:05.802790Z
57,57,Increase former letter artist strategy hope show watch.,True,2026-01-13T19:52:05.802813Z,2026-02-03T23:46:05.802817Z
58,58,Task she herself accept goal send table.,True,2026-01-09T12:36:05.802840Z,2026-02-04T02:08:05.802844Z
59,59,Mrs same son today major event magazine home protect something right subject try.,True,2026-01-30T11:24:05.802866Z,2026-02-01T11:36:05.802869Z
60,60,Move trade option production base investment term consider employee force lawyer front they everything week instead.,True,2026-01-20T15:21:05.802892Z,2026-02-01T03:05:05.802895Z
61,61,Like see appear weight difference attention whatever American.,True,2026-01-06T11:03:05.802991Z,2026-02-01T22:37:05.803000Z
62,62,Wear current after charge call prove nor.,True,2026-02-04T16:22:05.803030Z,2026-02-02T09:45:05.803035Z
63,63,Let eight hard paper white responsibility sing clearly find official.,True,2026-01-26T04:51:05.803060Z,2026-02-02T13:00:05.803064Z
64,64,Office traditional heart walk cup option store drug recent feeling range.,True,2025-12-26T17:35:05.803089Z,2026-02-02T16:25:05.803093Z
65,65,Someone not American mouth product attention positive actually information.,True,2026-01-17T00:55:05.803116Z,2026-02-02T04:04:05.803120Z
66,66,Black whether player stock religious itself safe whole establish space Mrs low itself room.,True,2026-01-11T12:57:05.803144Z,2026-01-31T21:35:05.803147Z
67,67,Focus early various everything late seek now property from management foot.,True,2026-01-18T06:26:05.803172Z,2026-01-30T19:02:05.803175Z
68,68,Deep something future they red everybody act way beat result major serve real position.,True,2026-02-04T12:24:05.803241Z,2026-01-30T08:16:05.803249Z
69,69,Large admit family identify during professional hard network gas you nearly goal law fill.,True,2025-12-28T07:48:05.803278Z,2026-02-02T23:41:05.803282Z
70,70,Building court build movie several continue describe machine right with.,True,2026-01-13T23:39:05.803306Z,2026-02-03T12:03:05.803310Z
71,71,Others wonder strategy fast guess few remain call animal approach factor want point sell bill.,True,2026-01-27T11:13:05.803334Z,2026-01-30T11:17:05.803338Z
72,72,Off light key continue anything wait local.,True,2026-01-16T17:17:05.803363Z,2026-01-31T19:33:05.803366Z
73,73,Husband available picture approach chance none fight yes.,True,2026-01-28T04:21:05.803389Z,2026-02-02T20:32:05.803392Z
74,74,Newspaper indicate other peace simply herself training father open.,True,2026-01-10T02:07:05.803415Z,2026-02-03T13:23:05.803418Z
75,75,Figure perform participant science way debate decision produce church community avoid able late.,True,2026-01-12T14:47:05.803442Z,2026-02-03T02:03:05.803447Z
76,76,Like allow explain executive teacher author do enough social operation sound cup boy different chance enter.,True,2026-01-05T21:32:05.803470Z,2026-02-03T03:50:05.803474Z
77,77,Author coach film see notice eye buy read record.,True,2026-02-01T02:31:05.803507Z,2026-02-03T09:33:05.803510Z
78,78,Matter management ball always it focus economy before while structure offer.,True,2026-01-10T13:56:05.803532Z,2026-02-04T19:19:05.803536Z
79,79,Yourself public especially American series like prepare.,True,2026-01-19T14:12:05.803558Z,2026-02-01T19:36:05.803561Z
80,80,Consider one play man before girl four prove tax form really.,True,2026-01-19T12:55:05.803583Z,2026-01-30T20:13:05.803587Z
